gene,AAACGCTTCAAGGTGG-1-0,AAACCCACAGACCCGT-1-0,AAACGCTGTCTGATAC-1-4,AAACGAAGTACAGGTG-1-4,AAGGAATGTAGGAAAG-1-18,AAACGCTGTCGTGGAA-1-18,AAACCCATCGAGCCTG-1-19,AAACGAAAGTCATAGA-1-19
Lyz1,-0.5448685,0.019945627,-0.5438297,2.8167253,-0.56884915,-0.54812944,-0.52720684,-0.5561435
Ctss,0.9589604,-1.4057447,-1.1197451,0.5040562,-1.3957962,1.5973967,0.53986967,0.95901793
Spp1,0.07618406,-0.8946637,-0.10334255,0.060521908,-0.11835074,0.022276513,2.3219128,-0.029012809
Ifitm3,-0.07569551,-0.33440956,-0.24843802,0.13725168,-0.43509752,-0.40633366,1.2917428,-0.116207264
Stat1,-0.52714473,-0.96149635,-0.6164917,-0.5418841,-0.65677166,2.9141195,2.176625,-0.5950298
Slc40a1,-0.34645846,-0.2527876,3.3652525,-0.33982134,-0.29945263,-0.33636475,-0.28582394,-0.32250604
Xist,-0.5186213,-0.34486735,1.899135,-0.4963296,1.5051507,-0.49037242,-0.39388877,-0.44731718
Tsix,-0.20560385,-0.15660608,-0.18416898,-0.19421479,-0.13740344,-0.1927673,-0.16416186,-0.17175592
