gene,WT_R1,WT_R2,IFN_R1,IFN_R2
Zzz3,5597.25847,5805.716906,6490.403381,6431.773456
Zzef1,12968.836,11659.72536,11146.39231,12103.26934
Zyx,29170.9716,28668.00766,28624.16487,27696.24186
Zyg11b,6415.842673,6081.515288,6931.844661,6933.770267
Zxdc,2108.01631,2182.777853,2206.337419,2058.47822
Zwint,4174.995417,3899.81058,4411.80586,3751.867849
