gene,WT_R1,WT_R2,mdx_R1,mdx_R2
Zzz3,559.8009973,565.4651321,418.994905,515.8619804
Zzef1,754.6447179,769.2777677,570.8046532,731.1882981
Zyx,1879.492505,2436.557073,1134.018819,1028.269528
Zyg11b,397.9308294,350.1593026,453.9111471,399.5627393
Zxdc,140.1375991,143.2818153,150.2916507,180.7819887
Zwint,170.862955,203.0464228,261.1127669,229.1440493
